,p_val,avg_log2FC,pct.1,pct.2,p_val_adj,cluster,gene
PARP1,7.24555875279959e-05,0.844619536238429,0.125,0.143,1,4,PARP1
RAD21,9.38860088248794e-05,0.290224055309171,0.172,0.221,1,4,RAD21
TTC3,0.000287624579994119,0.338267003664905,0.241,0.288,1,4,TTC3
DYNC1I2,0.000380626502647994,0.532901091838452,0.108,0.136,1,4,DYNC1I2
VIM,0.000494141166342051,0.405909743099759,0.151,0.179,1,4,VIM
SF3B1,0.00104760778096823,0.124784788343767,0.159,0.218,1,4,SF3B1
H3-3B,0.00112507591506374,0.401887249790091,0.22,0.222,1,4,H3-3B
SERBP1,0.00215327989682282,0.289403742232707,0.237,0.267,1,4,SERBP1
KMT2E,0.0025221362484923,0.400335419398278,0.142,0.184,1,4,KMT2E
RPL34,0.00256674411731685,0.423245286406717,0.526,0.466,1,4,RPL34
ENSG00000227615,0.00322635201983672,0.275816234928941,0.151,0.183,1,4,ENSG00000227615
TUBB,0.00387564423567495,0.73739357873329,0.125,0.147,1,4,TUBB
MAN1A2,0.00404401325124786,1.05347755949418,0.108,0.085,1,4,MAN1A2
CNBP,0.00410386979339314,0.869313315842713,0.112,0.109,1,4,CNBP
RPS12,0.00433549136255497,0.182333739453316,0.289,0.336,1,4,RPS12
MAP2,0.00438512125637346,0.488685726706098,0.159,0.185,1,4,MAP2
SEPTIN7,0.0045649400384223,0.332275373208741,0.138,0.164,1,4,SEPTIN7
NUDC,0.00615019257441068,0.496996555283522,0.086,0.104,1,4,NUDC
RPL18A,0.00667207243417309,0.921467793166938,0.159,0.133,1,4,RPL18A
ENSG00000226532,0.0068620858176135,0.321786033381082,0.073,0.105,1,4,ENSG00000226532
MACROD2,0.00719916631939672,0.790366489042825,0.293,0.258,1,4,MACROD2
TMSB10,0.0083289302359954,0.430395043705301,0.151,0.177,1,4,TMSB10
COX7C,0.00846685029483095,0.670403470778608,0.228,0.192,1,4,COX7C
RPL28,0.00923110804324084,0.581655124271466,0.172,0.167,1,4,RPL28
ENSG00000244398,0.00932990042109247,0.540378248353964,0.207,0.192,1,4,ENSG00000244398
DSTN,0.00947691229079941,0.846468639423644,0.185,0.142,1,4,DSTN
LINC01681,5.89744791698753e-12,0.500762019201517,0.947,0.918,1.5205389964369e-07,3,LINC01681
MT-ATP6,2.23722985823122e-11,0.725641339149403,0.59,0.457,5.76824974347755e-07,3,MT-ATP6
MT-ATP8,1.84362546113343e-09,0.629599760285053,0.286,0.289,4.75341952644033e-05,3,MT-ATP8
SUZ12,1.98040993490837e-09,0.641582256124504,0.707,0.714,5.10609093517425e-05,3,SUZ12
RPL19,3.76084090386772e-09,0.184572407688462,0.237,0.314,9.69657610244215e-05,3,RPL19
LINC00486,8.56642563462969e-09,1.09528107198241,0.23,0.206,0.000220868152137657,3,LINC00486
PPIG,2.09973397512525e-08,0.42826979090623,0.127,0.185,0.000541374410806544,3,PPIG
APOO,3.13694815929389e-08,0.44435704753363,0.115,0.159,0.000808799343910743,3,APOO
CBX3,4.49921556415966e-08,0.25677527053689,0.154,0.211,0.00116003274890729,3,CBX3
UBE2E2,7.42167029170074e-08,0.978072981449701,0.154,0.137,0.0019135292513092,3,UBE2E2
MT-ND1,1.74319135670078e-07,0.169004810506449,0.226,0.289,0.00449447027498162,3,MT-ND1
RFX2,2.42709218360332e-07,0.265393456977,0.233,0.284,0.00625777177698445,3,RFX2
SNX6,2.92784576684582e-07,0.107589503393358,0.085,0.144,0.00754886474065858,3,SNX6
CEP290,3.28409168713048e-07,0.478267270222302,0.071,0.108,0.00846737359692852,3,CEP290
RPL12,4.31277555118422e-07,0.267203929773212,0.235,0.29,0.0111196292036183,3,RPL12
RPL22,4.87777759842348e-07,0.118033024057613,0.166,0.225,0.0125763739820153,3,RPL22
CSDE1,5.24145916316155e-07,0.401221104453217,0.15,0.181,0.0135140541603794,3,CSDE1
SNHG6,5.37198450027608e-07,0.211770983305776,0.078,0.124,0.0138505876370618,3,SNHG6
GOLGA4,1.01313642178696e-06,0.224594703983282,0.134,0.189,0.0261216963629332,3,GOLGA4
CCT6A,1.19591752944307e-06,0.459706723160547,0.136,0.168,0.0308343416616307,3,CCT6A
ZFPM2,1.41719630188123e-06,0.698251485660208,0.274,0.264,0.0365395722514038,3,ZFPM2
GOLIM4,1.44208737571061e-06,0.367278579440642,0.065,0.107,0.0371813388079466,3,GOLIM4
CALM2,1.71653722591653e-06,0.101143270491134,0.253,0.313,0.0442574792958059,3,CALM2
MT-ND6,1.85921866007252e-06,0.244829717258455,0.431,0.483,0.0479362347126497,3,MT-ND6
SRP14,1.99109279146355e-06,0.237701306920199,0.166,0.207,0.0513363454423046,3,SRP14
ACTB,3.12431524401128e-06,0.148809933160379,0.113,0.174,0.0805542199363429,3,ACTB
EIF4G3,3.15892637082664e-06,0.374364686955808,0.088,0.13,0.0814465986190233,3,EIF4G3
CHCHD3,3.24480550982774e-06,0.292980224011414,0.094,0.148,0.0836608204598886,3,CHCHD3
RPL18,4.09111032930796e-06,0.103281661348106,0.168,0.219,0.105481097620547,3,RPL18
MAP4K4,5.05122484310978e-06,0.45831032490927,0.099,0.131,0.130235730129899,3,MAP4K4
HMGB1,7.19248058870487e-06,0.128107244030888,0.21,0.259,0.185443727018578,3,HMGB1
MT-CO2,7.3918100002331e-06,0.227090299814606,0.332,0.398,0.19058303723601,3,MT-CO2
CHST11,1.07688380095404e-05,0.495164308313745,0.233,0.255,0.277652950399981,3,CHST11
MT-ND3,1.36903669061062e-05,0.237140916043394,0.122,0.156,0.352978729940135,3,MT-ND3
CHD2,1.3904428572254e-05,0.189677646719353,0.076,0.118,0.358497881878424,3,CHD2
GATAD2B,1.50593064348428e-05,0.115361927041973,0.081,0.126,0.388274097809551,3,GATAD2B
H4C3,1.62122965783035e-05,0.212436059077723,0.235,0.276,0.418001642678398,3,H4C3
ANP32E,1.94313896613427e-05,0.169336183242,0.088,0.128,0.500999519638399,3,ANP32E
PEBP1,1.96161050096461e-05,0.460036862017425,0.108,0.136,0.505762035463706,3,PEBP1
ZP3,2.32442974576867e-05,0.364603983788507,0.2,0.215,0.599307721351535,3,ZP3
NARS1,2.6794772172366e-05,0.567116791181713,0.083,0.112,0.690849610920114,3,NARS1
CADM1,4.59867122096237e-05,0.23697502783925,0.074,0.115,1,3,CADM1
HNRNPH1,5.20936652798175e-05,0.107548222972947,0.071,0.108,1,3,HNRNPH1
KIDINS220,6.4981732494974e-05,0.28340242019974,0.071,0.104,1,3,KIDINS220
BAZ2B,7.87466809006374e-05,0.153531228466392,0.101,0.153,1,3,BAZ2B
TARDBP,7.96756673570848e-05,0.485683019822674,0.099,0.121,1,3,TARDBP
SLTM,8.56985830327178e-05,0.181715856044876,0.074,0.119,1,3,SLTM
HNRNPA3,8.80607588657577e-05,0.242332598051577,0.175,0.212,1,3,HNRNPA3
RPS15AP1,9.04948548329052e-05,0.417678560541725,0.085,0.108,1,3,RPS15AP1
CRABP1,0.000103886596503173,0.326813024452518,0.097,0.123,1,3,CRABP1
RBFOX1,0.000126831275746443,0.52808954419805,0.101,0.12,1,3,RBFOX1
H1-0,0.000131668267672263,0.332639519929129,0.085,0.112,1,3,H1-0
RNMT,0.000133258517276784,0.117807662758526,0.065,0.1,1,3,RNMT
TNRC6B,0.000156660795725364,0.171881286024849,0.081,0.117,1,3,TNRC6B
KAZN,0.000156974160381396,0.164938519031059,0.083,0.129,1,3,KAZN
ARPC5,0.000159367310523045,0.372501283372252,0.09,0.111,1,3,ARPC5
BRD4,0.000180233410079832,0.275365951988046,0.101,0.13,1,3,BRD4
ENSG00000254840,0.000195337228645816,0.851494634697652,0.136,0.105,1,3,ENSG00000254840
NOP58,0.000196359697246301,0.133656007398447,0.067,0.1,1,3,NOP58
SPEN,0.000202982963124498,0.325743523317962,0.083,0.121,1,3,SPEN
SMARCC1,0.000245966623809178,0.184011906514659,0.115,0.156,1,3,SMARCC1
CALR,0.000248799144331589,0.13613901334324,0.071,0.111,1,3,CALR
ZNF638,0.000253125436682094,0.207658611238488,0.129,0.172,1,3,ZNF638
CAMSAP2,0.000255396235003776,0.195869173312505,0.071,0.108,1,3,CAMSAP2
CCDC88A,0.000289615352821896,0.175362862321873,0.078,0.108,1,3,CCDC88A
YWHAB,0.000292152892733883,0.275770397263498,0.081,0.116,1,3,YWHAB
GOLGB1,0.000297051292863469,0.361982548175694,0.152,0.175,1,3,GOLGB1
APOH,0.000342585689518447,0.733204425688669,0.101,0.096,1,3,APOH
SLC12A2,0.000386985308556843,0.672751121784723,0.12,0.11,1,3,SLC12A2
ZEB1,0.000440580550928991,0.154557103493337,0.081,0.114,1,3,ZEB1
PTTG1IP,0.000448572821827013,0.270168498598877,0.074,0.102,1,3,PTTG1IP
HMGN2,0.000484466432982761,0.100553145548799,0.118,0.151,1,3,HMGN2
CAMTA1,0.000568661994956062,0.206836635991785,0.076,0.108,1,3,CAMTA1
DAAM1,0.00057826067936461,0.557384637978309,0.129,0.132,1,3,DAAM1
SMYD3,0.000724842484448563,0.376366137330374,0.182,0.189,1,3,SMYD3
SEPTIN11,0.000734161407621718,0.374754915556854,0.083,0.114,1,3,SEPTIN11
EIF5,0.000768521886340281,0.240127842325411,0.081,0.111,1,3,EIF5
PTGES3,0.000866317154182886,0.329730349003034,0.088,0.108,1,3,PTGES3
MSI2,0.00089669967232929,0.413760346768009,0.083,0.1,1,3,MSI2
RFTN1,0.000896908460296428,1.17817571420554,0.106,0.068,1,3,RFTN1
ENSG00000223393,0.000957818921551195,0.544136031709996,0.203,0.21,1,3,ENSG00000223393
EGFEM1P,0.00113270173834919,0.360967682645272,0.097,0.117,1,3,EGFEM1P
PFDN2,0.0014625120118618,0.219456089503162,0.085,0.105,1,3,PFDN2
EPB41,0.00168756366494684,0.2089971692045,0.074,0.101,1,3,EPB41
RPL39,0.00168886526064749,0.229328085742313,0.09,0.119,1,3,RPL39
ENSG00000223786,0.0018307964438299,0.454206533989742,0.152,0.097,1,3,ENSG00000223786
MTATP6P1,0.00187067133830951,0.44359813198513,0.145,0.148,1,3,MTATP6P1
GATB,0.00189093344472882,0.901989473902145,0.101,0.081,1,3,GATB
BACH2,0.00213875362957768,0.394071013179753,0.085,0.115,1,3,BACH2
MACROD21,0.00226725372082699,0.528834524957352,0.267,0.262,1,3,MACROD2
RBM33,0.00257726643334184,0.421536746645951,0.088,0.104,1,3,RBM33
BMERB1,0.00265586140313645,0.23740945216365,0.115,0.134,1,3,BMERB1
MT-ND4,0.00274590590081288,0.178505474410356,0.588,0.635,1,3,MT-ND4
RPL21P16,0.00303483079608585,0.570631132010071,0.124,0.118,1,3,RPL21P16
FKBP3,0.00332073228159555,0.261923328090024,0.088,0.103,1,3,FKBP3
TCERG1,0.00354639443278653,0.108632853154233,0.094,0.132,1,3,TCERG1
SV2B,0.00466213401894909,0.779097104696922,0.124,0.103,1,3,SV2B
CNBD1,0.00514135556005071,0.393312246656114,0.164,0.173,1,3,CNBD1
PRKN,0.00577289346349892,0.370951749629494,0.101,0.108,1,3,PRKN
NRDC,0.00592937431426591,0.302537949333272,0.085,0.12,1,3,NRDC
RPL21,0.00802944517372745,0.255547378011295,0.565,0.511,1,3,RPL21
ENSG00000233755,0.00828752934130937,0.52001293403673,0.212,0.16,1,3,ENSG00000233755
RPS24,7.81786699264011e-19,0.944138972303767,0.682,0.385,2.0156806467124e-14,1,RPS24
RPS13,2.63845344288516e-18,1.02428114192109,0.54,0.254,6.8027245117908e-14,1,RPS13
RPL27A,2.80780231996563e-17,0.977856336743708,0.5,0.229,7.23935672156737e-13,1,RPL27A
RPS3A,3.29964417540837e-17,0.737719439123392,0.526,0.255,8.5074725774554e-13,1,RPS3A
RPS7,3.58437476140436e-17,0.890316132596681,0.474,0.212,9.24159344732887e-13,1,RPS7
RPS20,6.30190866446778e-17,0.76533898786753,0.54,0.268,1.62482111095973e-12,1,RPS20
RPL24,2.09725510771884e-16,0.749589388702431,0.522,0.259,5.40735284423148e-12,1,RPL24
ENSG00000227081,3.51896105538654e-16,0.850055798656236,0.453,0.203,9.07293728910311e-12,1,ENSG00000227081
RPS15A,1.15256434441858e-15,0.704448470767794,0.588,0.318,2.97165664921442e-11,1,RPS15A
RPS13P2,2.06990830782542e-15,1.19184807272048,0.383,0.153,5.33684459006629e-11,1,RPS13P2
RPS121,1.04223296162442e-14,0.940621610587179,0.54,0.282,2.68718924495625e-10,1,RPS12
RPLP2,1.35751174382099e-14,0.738669261622922,0.5,0.25,3.50007252909366e-10,1,RPLP2
RPL9,1.45758578864976e-14,0.721094495454652,0.547,0.291,3.75809343887568e-10,1,RPL9
RPS19,2.76536834437268e-13,0.702068465275918,0.595,0.345,7.12994920229609e-09,1,RPS19
RPL37,2.860485439585e-13,0.800003975676217,0.474,0.24,7.37518960888201e-09,1,RPL37
NACA,3.27180446570645e-13,0.767082394815406,0.464,0.232,8.43569345393095e-09,1,NACA
FTL,3.40819784956483e-13,0.985293710054496,0.365,0.155,8.787356515533e-09,1,FTL
RPL15P3,3.63199097471583e-13,1.42133241238713,0.255,0.081,9.36436233010983e-09,1,RPL15P3
RPL14,5.67852821749348e-13,0.729157548470056,0.613,0.365,1.46409493031634e-08,1,RPL14
RPL7,6.16440589610173e-13,0.789398012752061,0.518,0.279,1.58936877219191e-08,1,RPL7
RPL191,9.52152693046029e-13,0.771612454154168,0.482,0.251,2.45493528848058e-08,1,RPL19
RPL15,1.43245970226318e-12,1.14162735007295,0.412,0.194,3.69331085034516e-08,1,RPL15
RPS27,1.53290755829252e-12,0.659782045800387,0.639,0.394,3.9522955575456e-08,1,RPS27
ENSG000002276151,2.86975607527038e-12,0.794252999434539,0.336,0.143,7.39909208886962e-08,1,ENSG00000227615
RPL31,4.67660715142779e-12,0.608403197431254,0.573,0.337,1.20576962185263e-07,1,RPL31
RPS27A,4.83473883122063e-12,0.646317344490612,0.536,0.303,1.24654071285361e-07,1,RPS27A
RPL27,6.14176128069728e-12,0.77078980707396,0.464,0.241,1.58353031100218e-07,1,RPL27
RPL37A,7.96204515270145e-12,0.701792522548342,0.518,0.29,2.05285410172102e-07,1,RPL37A
RPS14,8.75375313843909e-12,0.756862286162292,0.478,0.256,2.25698017168375e-07,1,RPS14
RPL32,1.56158506957306e-11,0.614478599772744,0.544,0.317,4.02623478488023e-07,1,RPL32
RPL36,1.71249451841318e-11,0.907583122263915,0.339,0.15,4.41532461682471e-07,1,RPL36
RPL5P4,1.87275260511067e-11,0.457717123597716,0.369,0.181,4.82851804175684e-07,1,RPL5P4
NAP1L1,1.91708412393551e-11,0.420982151414194,0.507,0.291,4.94281799674292e-07,1,NAP1L1
RPLP1,2.2725600929641e-11,0.851905087493812,0.562,0.333,5.85934168768934e-07,1,RPLP1
RPS28,2.70375756881479e-11,0.706489665686627,0.42,0.215,6.97109813967517e-07,1,RPS28
RPL37AP1,3.06548473203133e-11,1.65016941134007,0.131,0.024,7.90373928459637e-07,1,RPL37AP1
RPL7P9,9.20069656212552e-11,0.826911487576346,0.307,0.132,2.37221559461282e-06,1,RPL7P9
EEF1B2,1.1752735738938e-10,1.20685426185569,0.197,0.06,3.03020785557039e-06,1,EEF1B2
RPS23,1.48892245815396e-10,0.600834880876123,0.35,0.168,3.83888877385835e-06,1,RPS23
RPL8,1.51635981609059e-10,0.503966351558802,0.307,0.139,3.90963051382637e-06,1,RPL8
ENSG00000240652,1.68581961884356e-10,0.96062990205126,0.219,0.075,4.34654872326435e-06,1,ENSG00000240652
RPL11,2.04335421971734e-10,0.616553627571301,0.657,0.436,5.26838018469721e-06,1,RPL11
RPL10A,2.29782190357655e-10,0.526158419864309,0.387,0.201,5.92447421399143e-06,1,RPL10A
RPL3,2.44739377533287e-10,0.520955092255919,0.529,0.318,6.31011537094075e-06,1,RPL3
RPLP0,3.01849032933461e-10,0.768055655219982,0.383,0.192,7.78257361612342e-06,1,RPLP0
RPS11,3.93661182809504e-10,0.666301695787769,0.449,0.248,1.01497662763774e-05,1,RPS11
RPS19P3,4.39568572039705e-10,0.990840794925266,0.296,0.127,1.13333964928997e-05,1,RPS19P3
FAU,5.12438713155957e-10,0.571112254986028,0.31,0.143,1.32122073413e-05,1,FAU
ENSG000002265321,5.20651591382222e-10,0.978610001778871,0.215,0.075,1.34239599806078e-05,1,ENSG00000226532
EIF1,5.25152567821724e-10,0.831531015190208,0.383,0.192,1.35400086561475e-05,1,EIF1
RPS21,5.50582842720446e-10,0.695664903128989,0.292,0.129,1.41956774338613e-05,1,RPS21
RPS29,5.93235046955483e-10,0.902022000900297,0.27,0.111,1.52953792156532e-05,1,RPS29
ENSG00000218426,6.20480023994568e-10,1.10182936804768,0.223,0.079,1.59978364586519e-05,1,ENSG00000218426
RPS16,6.40610634908874e-10,0.535135031532047,0.515,0.308,1.65168639998555e-05,1,RPS16
RPL38,6.45774397472654e-10,1.08849207509372,0.281,0.118,1.66500012900374e-05,1,RPL38
SNHG61,7.38712482012708e-10,0.689219488450639,0.226,0.086,1.90462239237337e-05,1,SNHG6
RPL23,9.32571710866508e-10,0.648917140889651,0.588,0.374,2.40444964212712e-05,1,RPL23
RPL35A,1.36017085850649e-09,0.502800977560652,0.569,0.361,3.50692852448729e-05,1,RPL35A
RPS23P8,1.5063964897974e-09,0.255817476404342,0.387,0.216,3.88394206964464e-05,1,RPS23P8
RPL281,1.56118049668734e-09,0.88664936427015,0.303,0.138,4.02519167460897e-05,1,RPL28
BTF3,1.65357211495748e-09,0.971959987702633,0.266,0.112,4.26340498399486e-05,1,BTF3
TPT1,1.71124467660656e-09,0.540403313281248,0.394,0.211,4.4121021496947e-05,1,TPT1
RPS2,1.85596196376744e-09,0.355100497415734,0.464,0.28,4.78522673118158e-05,1,RPS2
NPM1,2.26088237826627e-09,0.617011227463673,0.485,0.285,5.82923303588393e-05,1,NPM1
ENSG000002443981,2.35643023425682e-09,0.668583167492576,0.332,0.164,6.07558407298437e-05,1,ENSG00000244398
RPL341,2.45566027197632e-09,0.715271641132183,0.635,0.44,6.33142887923654e-05,1,RPL34
TAF1D,2.70451785786812e-09,0.525313715744799,0.263,0.117,6.97305839294137e-05,1,TAF1D
FTLP3,2.7094758367397e-09,1.03220436104221,0.19,0.063,6.98584154986596e-05,1,FTLP3
PABPC1,2.84428411422761e-09,0.416886614943168,0.511,0.314,7.33341773171304e-05,1,PABPC1
YBX1,2.88724469842588e-09,0.373320680860346,0.606,0.404,7.44418300595144e-05,1,YBX1
RPS27AP5,3.05112136278442e-09,0.795591387556582,0.299,0.137,7.86670620966706e-05,1,RPS27AP5
RPS3,3.48530663058142e-09,0.482024238114528,0.347,0.186,8.98616608562808e-05,1,RPS3
RAD211,3.76850022293308e-09,0.552547281193757,0.347,0.184,9.71632412478836e-05,1,RAD21
ENSG00000244245,4.20094992551672e-09,0.993373534256152,0.245,0.099,0.000108313091929598,1,ENSG00000244245
RPS18,4.23922120825946e-09,0.566706038296427,0.453,0.262,0.000109299840412554,1,RPS18
RPS25,4.40499485865056e-09,0.817950037854425,0.38,0.198,0.000113573982440587,1,RPS25
PTMA,6.34913476437464e-09,0.394377710484997,0.609,0.417,0.000163699741629871,1,PTMA
RPS15AP11,9.55413521729603e-09,0.494135159259907,0.201,0.08,0.000246334268307544,1,RPS15AP1
RPSA,1.13878240204678e-08,0.674998674682152,0.255,0.112,0.000293612266719721,1,RPSA
RPS15,1.34032715485867e-08,0.583341644595356,0.365,0.196,0.00034557655033721,1,RPS15
ZFAS1,1.49601203870066e-08,0.883080923231453,0.219,0.087,0.000385716783938191,1,ZFAS1
ST13,1.77385396712878e-08,0.434717604471851,0.343,0.185,0.000457352768344812,1,ST13
DNAJA1,2.2059140019698e-08,0.275667441359161,0.383,0.23,0.000568750807127873,1,DNAJA1
RPL10AP6,2.22069585009713e-08,0.626416204078572,0.241,0.106,0.000572562011030542,1,RPL10AP6
RPS3AP47,2.73767639059668e-08,0.817278469532241,0.277,0.129,0.000705855103787542,1,RPS3AP47
RPS15P4,3.39914536894553e-08,0.732245198989505,0.281,0.133,0.000876401650475227,1,RPS15P4
RPS4X,4.20757544211333e-08,0.821532084196566,0.296,0.143,0.00108483917624008,1,RPS4X
FTLP2,7.5172054655613e-08,1.14486777490635,0.197,0.075,0.00193816108518567,1,FTLP2
EIF2S2,7.84066891448071e-08,0.960245196410958,0.252,0.112,0.00202155966622056,1,EIF2S2
GABRB3,8.29453192678185e-08,0.555819195742616,0.223,0.096,0.00213857916668216,1,GABRB3
RPL26,8.60807423756058e-08,0.588350430210454,0.347,0.191,0.00221941978067024,1,RPL26
ATF4,9.33807732553494e-08,1.14920931627144,0.179,0.064,0.00240763647684267,1,ATF4
RPL5,9.45313197367666e-08,0.559234444635353,0.697,0.521,0.00243730101677305,1,RPL5
VIM1,1.41918548099397e-07,0.460419185831173,0.285,0.151,0.00365908592564675,1,VIM
OCIAD1,2.24319048342594e-07,1.70694876171889,0.161,0.054,0.00578361802341709,1,OCIAD1
RPL13AP5,2.26795588486397e-07,0.414960716773482,0.391,0.23,0.00584747065794478,1,RPL13AP5
RPS27AP16,2.30109069627577e-07,1.10363009517181,0.182,0.069,0.00593290214220781,1,RPS27AP16
RPL181,2.43623984515816e-07,0.704769885374612,0.328,0.177,0.00628135719277129,1,RPL18
ENSG00000237550,2.44746766983162e-07,0.884487139026178,0.157,0.054,0.00631030589312687,1,ENSG00000237550
RPL10,2.65910647963824e-07,0.647574520330119,0.376,0.214,0.00685597423645128,1,RPL10
RPL35,3.73323642784553e-07,0.669475974297535,0.321,0.173,0.00962540348191413,1,RPL35
RPL211,3.74534525412578e-07,0.55374303104041,0.664,0.496,0.0096566236687125,1,RPL21
NPM1P39,3.75499574946489e-07,1.07038786333893,0.146,0.048,0.00968150554084533,1,NPM1P39
EEF1A1,4.00466440814196e-07,0.525260263219096,0.529,0.352,0.0103252262435124,1,EEF1A1
APOO1,4.75676370771983e-07,0.523229011885654,0.252,0.123,0.012264363867614,1,APOO
RPL36AL,4.96511005361193e-07,0.447056616533628,0.153,0.058,0.0128015432512276,1,RPL36AL
UBA52,5.17118285623206e-07,0.617757569660174,0.219,0.1,0.0133328607582231,1,UBA52
RPL10P16,5.58361862874635e-07,0.644532853248174,0.161,0.06,0.0143962439104967,1,RPL10P16
PARK7,6.09414692359934e-07,0.828861421887924,0.175,0.07,0.0157125390131162,1,PARK7
TPM3,8.2627803863626e-07,0.896584633582193,0.241,0.115,0.0213039266701587,1,TPM3
RACK1,9.0126740417885e-07,0.229083776638328,0.314,0.185,0.0232373774819433,1,RACK1
RPS20P2,9.67472205190996e-07,0.982996888035819,0.139,0.046,0.0249443358664394,1,RPS20P2
ATP5F1E,1.16204662395854e-06,0.309440418489004,0.328,0.192,0.029961048105523,1,ATP5F1E
EIF3A,1.31432237723815e-06,0.328482466672464,0.274,0.154,0.0338871738523313,1,EIF3A
ACBD3,1.48408020296554e-06,0.338298116397551,0.215,0.103,0.0382640398730605,1,ACBD3
COX7C1,1.79646925093587e-06,0.304444464871828,0.307,0.174,0.0463183666968794,1,COX7C
RSL1D1,2.03898128993406e-06,0.383770239640688,0.252,0.131,0.0525710545983699,1,RSL1D1
RPL26P6,2.54891123463922e-06,0.594616281841794,0.204,0.095,0.065718578362703,1,RPL26P6
PJA2,2.69131676050508e-06,0.639510921327926,0.219,0.104,0.0693902200361024,1,PJA2
HNRNPC,2.71557049975174e-06,0.394088398738266,0.496,0.336,0.0700155541950991,1,HNRNPC
SNX61,2.71978081450075e-06,0.644865076713431,0.223,0.107,0.0701241087402728,1,SNX6
SERF2,2.78075161232834e-06,0.923877254303465,0.175,0.073,0.0716961188206616,1,SERF2
SYF2,3.1948465514679e-06,0.402446695680595,0.252,0.13,0.0823727286364969,1,SYF2
FXR1,3.40801871919242e-06,0.472077817691217,0.292,0.164,0.0878689466369381,1,FXR1
MORF4L1,3.52648534105662e-06,0.555967137635184,0.485,0.324,0.0909233715484629,1,MORF4L1
RPL29,3.65068081060107e-06,0.721896174934596,0.226,0.11,0.0941255033397274,1,RPL29
CIR1,3.99646169607628e-06,0.717019163146853,0.179,0.076,0.103040771909935,1,CIR1
RPL6,4.20355886668996e-06,0.489383567344335,0.617,0.457,0.108380358259867,1,RPL6
NOP53,4.28349873727151e-06,0.578849685138163,0.139,0.054,0.110441447943071,1,NOP53
ACTG1,4.93587718460003e-06,0.727460638329459,0.248,0.127,0.127261721450542,1,ACTG1
ENSG00000226396,5.10653962418086e-06,0.696830135304265,0.186,0.083,0.131661911130255,1,ENSG00000226396
RPL121,5.41113296081657e-06,0.43268797059385,0.394,0.248,0.139515241128734,1,RPL12
COX7A2L,5.85363442948454e-06,1.42660767462341,0.102,0.029,0.1509242564954,1,COX7A2L
PDIA3,6.03660934203957e-06,0.685464637902085,0.237,0.123,0.155641898665806,1,PDIA3
RPS6,6.79325414972558e-06,0.674625189960926,0.58,0.441,0.175150471742375,1,RPS6
RPL10P9,7.26339881060273e-06,0.541831265556107,0.226,0.115,0.18727221153377,1,RPL10P9
NCL,8.26954448915833e-06,0.29541778078455,0.423,0.281,0.213213665563969,1,NCL
SERBP11,8.5023965307688e-06,0.41207670734738,0.376,0.237,0.219217289752812,1,SERBP1
ENSG00000250321,9.58020432472998e-06,0.857570697805401,0.139,0.052,0.247006408104513,1,ENSG00000250321
GAS5,9.58540415255943e-06,0.580069841776966,0.358,0.22,0.24714047526544,1,GAS5
TOMM20,9.66549478243562e-06,0.217482226205766,0.292,0.177,0.249205451975538,1,TOMM20
NUCKS1,9.69054053821142e-06,0.146351675418089,0.456,0.325,0.249851206696705,1,NUCKS1
SRPRA,1.12742380404983e-05,1.35756709617784,0.128,0.045,0.290683679398169,1,SRPRA
SUCO,1.21925753275152e-05,0.892663209813927,0.263,0.142,0.314361169669323,1,SUCO
UQCR10,1.23821621550375e-05,0.854318251700758,0.131,0.05,0.319249286843331,1,UQCR10
ENSG00000225200,1.25796962518245e-05,0.347969516501689,0.201,0.099,0.32434230846079,1,ENSG00000225200
RPL4,1.42498195374948e-05,0.290589816845914,0.54,0.389,0.367403097135229,1,RPL4
RPL7A,1.44237390094752e-05,0.612896976305123,0.237,0.123,0.3718872628813,1,RPL7A
SETD5,1.47316105983835e-05,0.362543283758781,0.255,0.145,0.379825116058121,1,SETD5
RPS14P8,1.5067000792881e-05,1.13907023564349,0.106,0.034,0.388472481442851,1,RPS14P8
RPL18A1,1.53102475817421e-05,0.473207598061439,0.226,0.117,0.394744113400056,1,RPL18A
TMSB4X,1.60853431531373e-05,0.23449168014972,0.332,0.21,0.414728402517339,1,TMSB4X
RPL41,1.80012889717717e-05,0.76441958891266,0.153,0.064,0.46412723355919,1,RPL41
SLC25A3,1.82967411457139e-05,0.79002582342693,0.135,0.053,0.471744876959941,1,SLC25A3
CANX,1.93474666503967e-05,0.485979189467107,0.23,0.121,0.498835732647178,1,CANX
TMF1,2.0734143905711e-05,0.367489888834957,0.153,0.068,0.534588432320948,1,TMF1
SLC35F1,2.07406851194596e-05,0.763542586808895,0.139,0.055,0.534757084435026,1,SLC35F1
SEC63,2.25099381375343e-05,0.298738242132224,0.234,0.131,0.580373735000046,1,SEC63
DDX27,2.30638974433771e-05,0.977086267627536,0.124,0.046,0.594656467782592,1,DDX27
GBE1,2.33462335278497e-05,0.265273123256234,0.142,0.063,0.601935939048548,1,GBE1
RPS8,2.36027141466187e-05,0.435788479345646,0.635,0.494,0.60854877884227,1,RPS8
RPL391,2.38392822048212e-05,0.666697902550443,0.193,0.093,0.614648213086905,1,RPL39
NASP,2.4181709799718e-05,0.472090997551,0.266,0.155,0.62347702376613,1,NASP
RPL23A,2.44878600181444e-05,0.597525090685223,0.19,0.093,0.631370494847817,1,RPL23A
ZC3H15,2.49304237203273e-05,0.559557633013989,0.212,0.107,0.6427811147812,1,ZC3H15
RPL3P4,2.53151635476975e-05,0.516306440902227,0.245,0.134,0.652700861750284,1,RPL3P4
HMGN1,2.5942586623487e-05,0.510546883781281,0.223,0.119,0.668877710913365,1,HMGN1
TOMM7,2.71181340118826e-05,0.921047237972418,0.146,0.06,0.699186849228369,1,TOMM7
MDN1,2.79878194661611e-05,0.712202510289071,0.215,0.11,0.721609949296031,1,MDN1
TCP1,3.15984204297401e-05,0.718781752871633,0.142,0.058,0.81470207393999,1,TCP1
USP1,3.21873801228185e-05,0.840854541992949,0.161,0.072,0.829887221706628,1,USP1
EIF4B,3.54902459328388e-05,0.522677314326568,0.168,0.079,0.915045010886384,1,EIF4B
COPB2,3.58609672188341e-05,0.878842675428665,0.117,0.042,0.9246033178032,1,COPB2
SRP141,3.66441571464795e-05,0.56744376355708,0.292,0.174,0.944796303707681,1,SRP14
RPL6P27,3.90430028940191e-05,0.51995588929783,0.193,0.097,1,1,RPL6P27
CSDE11,3.9100100382277e-05,0.146396986307247,0.255,0.154,1,1,CSDE1
ENSG00000218175,3.92435143684026e-05,1.00402054859534,0.15,0.064,1,1,ENSG00000218175
UBXN1,4.21259779895252e-05,0.629974690096791,0.153,0.07,1,1,UBXN1
SNW1,4.5134882796644e-05,0.691293827411514,0.153,0.068,1,1,SNW1
SRP54,4.62352312732974e-05,0.846694680515487,0.179,0.084,1,1,SRP54
RPS26,4.62724003236264e-05,0.930325918249953,0.124,0.047,1,1,RPS26
SNRPB2,4.724260298663e-05,0.876473702695464,0.124,0.048,1,1,SNRPB2
CD63,4.84245142336975e-05,0.551540255914997,0.142,0.062,1,1,CD63
SUB1,5.03348001924181e-05,0.789503788897345,0.146,0.062,1,1,SUB1
ITGB1,5.09634150221621e-05,0.602442861729545,0.168,0.079,1,1,ITGB1
NDUFA5,5.41070627553116e-05,0.45716147499892,0.15,0.067,1,1,NDUFA5
HNRNPH3,5.42143330171658e-05,0.164669710285233,0.248,0.15,1,1,HNRNPH3
EIF3E,5.56215899038832e-05,0.362715853871664,0.146,0.067,1,1,EIF3E
ENSG00000285080,5.85354021909708e-05,0.323560132982769,0.102,0.038,1,1,ENSG00000285080
RPL14P1,6.1001874105148e-05,0.706847054518801,0.208,0.107,1,1,RPL14P1
SET,6.54894546300416e-05,0.596639289911129,0.274,0.16,1,1,SET
RPL22P1,6.96809602919612e-05,0.537739669752209,0.117,0.046,1,1,RPL22P1
CNBP1,7.42403431383556e-05,0.434906359463787,0.182,0.093,1,1,CNBP
YTHDC1,7.5267498341803e-05,0.320999987872719,0.255,0.151,1,1,YTHDC1
MORF4L1P1,8.18552468875023e-05,0.41647601913375,0.197,0.104,1,1,MORF4L1P1
SRRM2,8.19332702408857e-05,0.114615724404498,0.27,0.178,1,1,SRRM2
RPL13P12,8.58618717303237e-05,0.175271800166007,0.266,0.168,1,1,RPL13P12
RBPJ,9.64507584213118e-05,0.838839411592541,0.19,0.095,1,1,RBPJ
SEPTIN71,9.91412376283918e-05,0.248020230185251,0.245,0.142,1,1,SEPTIN7
EIF4A2,0.000103207776357768,0.29963457825424,0.208,0.115,1,1,EIF4A2
PWP1,0.000103283878542703,0.886159223815687,0.109,0.041,1,1,PWP1
WDR43,0.000103412889576022,0.668759101248431,0.117,0.046,1,1,WDR43
SMNDC1,0.000106774280981943,0.196848689335559,0.113,0.046,1,1,SMNDC1
SEC31A,0.000111024596065887,0.502725457585441,0.281,0.17,1,1,SEC31A
GNL3,0.000124297334695143,0.478019839204394,0.197,0.103,1,1,GNL3
HSP90B1,0.00012493777756245,0.513381979793765,0.299,0.184,1,1,HSP90B1
RPL13A,0.000127083045933357,0.393815847904442,0.566,0.425,1,1,RPL13A
CALU,0.000128603781020697,0.830113891373287,0.168,0.081,1,1,CALU
SNRPE,0.000148264223607164,0.616704596761644,0.146,0.067,1,1,SNRPE
HNRNPM,0.000153052897312178,0.689530782936303,0.197,0.104,1,1,HNRNPM
NUCB2,0.000157903898316037,1.00598814439515,0.172,0.083,1,1,NUCB2
SEC62,0.000160556620309183,0.460353710058327,0.186,0.102,1,1,SEC62
RBMX,0.000166702491896964,0.609804668852735,0.27,0.162,1,1,RBMX
PFDN4,0.000167085097381735,0.651675075083914,0.117,0.048,1,1,PFDN4
GOLGB11,0.000171340604960848,0.214068286131846,0.245,0.151,1,1,GOLGB1
ENSG00000178715,0.000176658582327993,0.358918390839051,0.12,0.052,1,1,ENSG00000178715
SUCLG1,0.000178265956263516,0.97692728312636,0.131,0.056,1,1,SUCLG1
GARS1,0.000178481485592852,0.74332201382968,0.102,0.038,1,1,GARS1
RAB13,0.000185951513876528,0.647954803081151,0.106,0.041,1,1,RAB13
N4BP2L2,0.000194191362584919,0.11443594340529,0.215,0.127,1,1,N4BP2L2
UQCRB,0.000201198404530665,0.710685899379277,0.241,0.139,1,1,UQCRB
RSBN1,0.000210928468095552,0.401242855188608,0.102,0.039,1,1,RSBN1
RPL37P2,0.000230564301550005,0.81566310025022,0.117,0.047,1,1,RPL37P2
DDX24,0.000276703523039986,0.305024989994726,0.215,0.126,1,1,DDX24
RPL13,0.000281584553108673,0.381168670998745,0.588,0.454,1,1,RPL13
SNHG29,0.000290029789654292,0.538031303356647,0.12,0.052,1,1,SNHG29
SQLE,0.000293316757636305,0.564744555093854,0.197,0.107,1,1,SQLE
ENAH,0.000295270327675279,0.446518481582586,0.248,0.15,1,1,ENAH
GOLT1B,0.0003097377596672,0.254513104003821,0.106,0.044,1,1,GOLT1B
PDZD2,0.000323467461788262,0.909766962745021,0.135,0.061,1,1,PDZD2
MAN1A21,0.000359661456779373,0.432148495410969,0.15,0.075,1,1,MAN1A2
RBM6,0.000462891843545574,0.643952635150102,0.208,0.117,1,1,RBM6
RPL18AP3,0.000479203922985633,0.181795682758279,0.164,0.09,1,1,RPL18AP3
PPIL4,0.000485371831903137,0.199620696783787,0.15,0.076,1,1,PPIL4
DSTN1,0.000494658488942599,0.310304189822768,0.223,0.132,1,1,DSTN
NDUFA4,0.000498983166816962,0.477786604160622,0.19,0.105,1,1,NDUFA4
CWF19L2,0.000507775125133552,0.80842076581365,0.128,0.058,1,1,CWF19L2
PTGES31,0.000507782585114935,0.753172155133826,0.168,0.087,1,1,PTGES3
UQCRH,0.000513445207367404,0.914508598090985,0.161,0.082,1,1,UQCRH
RSRP1,0.0005287008614726,0.518145793202848,0.109,0.047,1,1,RSRP1
COPS2,0.000532998140221373,0.843043882978558,0.124,0.055,1,1,COPS2
EIF3H,0.00054707110785724,0.201365051806816,0.186,0.109,1,1,EIF3H
YBX1P6,0.000559094754884356,0.518916500303439,0.113,0.05,1,1,YBX1P6
GPBP1,0.00058193412804348,0.300964403074125,0.186,0.106,1,1,GPBP1
H2AZ1,0.000588093292127549,0.94320619929017,0.131,0.06,1,1,H2AZ1
CTNNB1,0.000602234218708927,0.759161472144771,0.102,0.042,1,1,CTNNB1
ARMC9,0.000605282936889379,0.768470813814992,0.117,0.052,1,1,ARMC9
TPR,0.00062161473838566,0.173678559619123,0.234,0.146,1,1,TPR
HSPD1,0.000627107577410968,0.562279495786822,0.299,0.192,1,1,HSPD1
TBCA,0.000656383766862985,0.702633657716444,0.146,0.072,1,1,TBCA
TMBIM6,0.00065827454333062,0.403350623943015,0.135,0.065,1,1,TMBIM6
GOLGA2,0.000676479844039819,0.712379227489746,0.19,0.104,1,1,GOLGA2
MRPS5,0.000688510666341495,0.834877755458733,0.146,0.071,1,1,MRPS5
SRSF4,0.00071100254188455,0.276770405526543,0.299,0.202,1,1,SRSF4
RPS5,0.000731981546593578,0.477987108327165,0.27,0.171,1,1,RPS5
RPL221,0.000733116320083821,0.291148527957347,0.288,0.191,1,1,RPL22
COX7B,0.000739360236714326,0.230162357995845,0.113,0.052,1,1,COX7B
SNRPA1,0.000760821503728226,0.298027009658845,0.102,0.044,1,1,SNRPA1
RSRC2,0.000761098692749817,0.447940243109599,0.263,0.166,1,1,RSRC2
TLK1,0.00079472065916636,1.2331141168624,0.135,0.063,1,1,TLK1
RWDD1,0.000824023362756222,0.724977505589652,0.102,0.042,1,1,RWDD1
FNBP4,0.000848401442579399,0.192326649906542,0.212,0.131,1,1,FNBP4
EIF4G1,0.000851889483371473,1.0694607473436,0.106,0.044,1,1,EIF4G1
CAMLG,0.000869384049852817,0.177679581971322,0.212,0.129,1,1,CAMLG
COX4I1,0.000895719638838292,1.0336153930182,0.153,0.078,1,1,COX4I1
CCDC186,0.00090967968347662,0.482874139652743,0.124,0.058,1,1,CCDC186
SSBP1,0.00091015199767194,0.593228192056622,0.128,0.061,1,1,SSBP1
NSA2,0.000933371300774883,0.880869448621213,0.109,0.047,1,1,NSA2
HNRNPDL,0.00095121872031193,0.184825812172916,0.398,0.294,1,1,HNRNPDL
COPB1,0.000961686544518623,0.967731585766915,0.168,0.088,1,1,COPB1
PRRC2C,0.000995715487112168,0.233967325423245,0.42,0.314,1,1,PRRC2C
COX6C,0.00101770327226788,0.247635884411849,0.109,0.051,1,1,COX6C
NDUFS4,0.0010386080548856,0.191294248785034,0.109,0.053,1,1,NDUFS4
SPARC,0.00104006355845799,0.626578439905585,0.109,0.049,1,1,SPARC
KDELR1,0.00106630816102532,0.175530052880554,0.106,0.049,1,1,KDELR1
RPSAP58,0.00118429725461986,0.878778900851233,0.117,0.053,1,1,RPSAP58
FTH1,0.00118612946701742,0.663847303005994,0.117,0.054,1,1,FTH1
TCEA1,0.0012818230357701,0.473113444206107,0.15,0.079,1,1,TCEA1
ARPC2,0.0012896526700804,0.408158084029962,0.204,0.123,1,1,ARPC2
ENSG00000226499,0.00130855493883744,0.161201057966157,0.124,0.063,1,1,ENSG00000226499
LARP1B,0.00132658116736177,0.52630013917363,0.139,0.071,1,1,LARP1B
IGF2BP2,0.00135288178839584,0.211095320374508,0.175,0.103,1,1,IGF2BP2
RPS27L,0.0014457973014679,0.244059525900198,0.131,0.069,1,1,RPS27L
SRRM1,0.00145035666696628,0.103503267785356,0.347,0.257,1,1,SRRM1
GDI2,0.00145406743399006,0.580848643791876,0.12,0.057,1,1,GDI2
NDUFA1,0.00148317030477587,0.56043085892819,0.131,0.066,1,1,NDUFA1
C1orf52,0.00152370109032612,0.988545205715145,0.153,0.079,1,1,C1orf52
ZNF326,0.00154202789200493,0.766142058720062,0.139,0.071,1,1,ZNF326
ZFP36L1,0.00155623582694508,0.607648650504553,0.106,0.048,1,1,ZFP36L1
CEP85L,0.00159880462813083,0.531812384932998,0.131,0.065,1,1,CEP85L
EIF1B,0.00162899942569661,0.110638840437419,0.139,0.075,1,1,EIF1B
UPF3B,0.00165552694011611,1.43122584774875,0.12,0.056,1,1,UPF3B
HNRNPA1,0.00167805949186465,0.151436717685604,0.296,0.208,1,1,HNRNPA1
CYCS,0.00169549247917564,0.567900679469271,0.179,0.101,1,1,CYCS
ATP5MG,0.00173384198165583,0.319779546635213,0.12,0.058,1,1,ATP5MG
DDX46,0.00174611954046677,0.410776011645387,0.172,0.1,1,1,DDX46
SELENOS,0.001748874529598,0.644568111228858,0.102,0.045,1,1,SELENOS
GNAS,0.00182346329289812,0.378151689818901,0.237,0.152,1,1,GNAS
CLINT1,0.00190370797290409,0.293432585179976,0.117,0.058,1,1,CLINT1
MIER1,0.00193179986047492,1.02012887001243,0.109,0.05,1,1,MIER1
EIF51,0.00198512147715037,0.251887413523191,0.161,0.09,1,1,EIF5
TTC31,0.00199527050608255,0.104356984039002,0.35,0.265,1,1,TTC3
RPS9,0.00201006281129605,0.499145737572569,0.197,0.117,1,1,RPS9
FNDC3A,0.00213042131526906,0.7061644718492,0.102,0.046,1,1,FNDC3A
DDX18,0.00216878570566226,0.242418165797531,0.157,0.089,1,1,DDX18
RALGPS2,0.00222423824359332,1.54592855749081,0.106,0.047,1,1,RALGPS2
SYT11,0.00224887100783436,0.581718934997586,0.135,0.07,1,1,SYT11
EIF5B,0.00229158731834385,0.14203717821607,0.197,0.124,1,1,EIF5B
SFRP1,0.00236171241076844,0.911447994826728,0.106,0.048,1,1,SFRP1
KHDRBS1,0.00240758194718015,0.937995067258456,0.131,0.066,1,1,KHDRBS1
NOLC1,0.00248660470505303,0.585972881031837,0.128,0.065,1,1,NOLC1
SOD1,0.00249826483054351,0.570020108436582,0.117,0.058,1,1,SOD1
SPTY2D1,0.00254231132471305,0.394938958647048,0.102,0.047,1,1,SPTY2D1
CCND2,0.002592055174273,0.358119925474179,0.19,0.114,1,1,CCND2
COMMD6,0.00263691829857629,0.320993721611201,0.12,0.062,1,1,COMMD6
STIP1,0.00282666059784477,1.0753680339123,0.124,0.061,1,1,STIP1
WBP11,0.00287104138220998,0.353546400593648,0.142,0.078,1,1,WBP11
RIF1,0.00290379159925848,0.57426323867498,0.109,0.053,1,1,RIF1
MSL1,0.00307965404099329,0.842536192062413,0.106,0.049,1,1,MSL1
TCF25,0.00318660685071659,0.528908195817337,0.172,0.099,1,1,TCF25
SARAF,0.00338628211922014,0.337820237471253,0.117,0.06,1,1,SARAF
THOC2,0.00341632722307315,0.401816153099391,0.197,0.127,1,1,THOC2
DDX1,0.00345696238122068,0.776236073195258,0.142,0.077,1,1,DDX1
TMCO1,0.00359068082691225,0.722030204359438,0.139,0.074,1,1,TMCO1
COPG2,0.00363406562300875,0.39726516392717,0.292,0.205,1,1,COPG2
SCD,0.00364962470126586,0.743664422401176,0.139,0.073,1,1,SCD
SNRPD2,0.00367394246355581,0.483104857563547,0.146,0.08,1,1,SNRPD2
PSAP,0.00370383039479511,0.425436969666301,0.102,0.049,1,1,PSAP
SF3B11,0.00381782219037238,0.238374691156848,0.274,0.195,1,1,SF3B1
SRP72,0.00385113748606921,0.659672972077717,0.139,0.075,1,1,SRP72
ENSG00000185641,0.0038678884931363,0.136166484222897,0.124,0.067,1,1,ENSG00000185641
PTTG1IP1,0.0038745933423737,0.238925544541723,0.146,0.083,1,1,PTTG1IP
PSMA4,0.00389347811873186,0.434175055410876,0.142,0.079,1,1,PSMA4
ZCCHC7,0.00397389531317512,0.146629138620725,0.124,0.069,1,1,ZCCHC7
DDX5,0.00401179134891842,0.148776060269405,0.27,0.194,1,1,DDX5
HSPA9,0.0040385878567625,0.352117207232425,0.142,0.08,1,1,HSPA9
SUPT5H,0.00408532204383948,0.514865957549833,0.175,0.104,1,1,SUPT5H
HMGCR,0.00423929155089396,0.947713240649454,0.102,0.047,1,1,HMGCR
LMAN1,0.00442991167328527,0.856264181504157,0.12,0.061,1,1,LMAN1
GGNBP2,0.00453083529359187,1.03387926959392,0.128,0.066,1,1,GGNBP2
FAM32A,0.00454696225111547,0.451935696669494,0.109,0.054,1,1,FAM32A
CALR1,0.00454782783441058,0.419581971445316,0.153,0.088,1,1,CALR
RARS1,0.00468843211739879,0.826528045916047,0.102,0.048,1,1,RARS1
LDHB,0.00476251233449455,0.307494142222093,0.131,0.074,1,1,LDHB
IDI1,0.0048147896119218,0.419675785376768,0.131,0.073,1,1,IDI1
PRPF38B,0.00489536892066489,0.168058668180787,0.234,0.158,1,1,PRPF38B
GNL2,0.00503255265520671,0.483084610417916,0.131,0.071,1,1,GNL2
SRSF11,0.00514408983455474,0.129160463259907,0.314,0.231,1,1,SRSF11
PSMA7,0.0052055037178275,0.344991009802762,0.193,0.124,1,1,PSMA7
OSBPL8,0.00521877066161927,0.552276377358945,0.117,0.06,1,1,OSBPL8
TCEAL9,0.00527946648357623,0.464542625860103,0.102,0.05,1,1,TCEAL9
PPP2R2A,0.00539243609153069,0.237325561456028,0.142,0.084,1,1,PPP2R2A
CEP57,0.00577346366143424,0.350163079162164,0.161,0.094,1,1,CEP57
BAZ1B,0.00580703911400162,0.284280561715226,0.201,0.13,1,1,BAZ1B
SMAD5,0.00637494819248913,0.303710740884065,0.128,0.072,1,1,SMAD5
CSNK2A1,0.00641504376983543,0.34532423449873,0.161,0.096,1,1,CSNK2A1
HSP90AB1,0.00643793297743719,0.372819941136827,0.536,0.433,1,1,HSP90AB1
PIK3C2A,0.00657315892543053,0.312634146885027,0.117,0.062,1,1,PIK3C2A
TKT,0.00676598836009038,0.512551932772034,0.109,0.056,1,1,TKT
DNAJC8,0.0067971579376772,0.292425561576307,0.19,0.126,1,1,DNAJC8
HOOK3,0.00771891740622228,0.75461429989057,0.102,0.05,1,1,HOOK3
SF3B2,0.0077448510195975,0.457702437283858,0.186,0.117,1,1,SF3B2
BZW1,0.00779216938811942,1.32295437305411,0.102,0.05,1,1,BZW1
PPP2R5C,0.00787662760686345,0.118506324381668,0.109,0.058,1,1,PPP2R5C
TAX1BP1,0.00796101126786669,0.155675219677887,0.175,0.115,1,1,TAX1BP1
U2SURP,0.00805867346754569,0.449007372711393,0.175,0.109,1,1,U2SURP
TARS1,0.00829738824613483,0.242032028258226,0.124,0.069,1,1,TARS1
CALM1,0.00870286207916172,0.106067791063484,0.299,0.227,1,1,CALM1
ARPP19,0.00877924600010723,0.175229296490722,0.142,0.087,1,1,ARPP19
VDAC1,0.00878826905967192,0.26498539556485,0.124,0.069,1,1,VDAC1
TSR1,0.00881884868011318,0.251117718042171,0.102,0.053,1,1,TSR1
KIF5B,0.00902503248449339,0.127976997603234,0.19,0.124,1,1,KIF5B
TXNIP,0.00906592569119956,0.125100912952375,0.296,0.218,1,1,TXNIP
SMARCC11,0.00908239929620501,0.311146753569467,0.201,0.132,1,1,SMARCC1
ANP32B,0.00914996756571351,0.391883887583226,0.146,0.088,1,1,ANP32B
ZC3H7A,0.00954238128197509,0.707305643540494,0.117,0.062,1,1,ZC3H7A
SCAF11,0.00987126434161349,0.254324494070075,0.135,0.079,1,1,SCAF11
LUC7L3,2.77149972858084e-14,0.621371403430333,0.497,0.296,7.14575775019997e-10,2,LUC7L3
MT-CO1,4.20198294847553e-12,0.408198571765862,0.622,0.435,1.08339726360545e-07,2,MT-CO1
MT-ND5,2.36780347395221e-11,0.518304439430752,0.644,0.462,6.10490769689098e-07,2,MT-ND5
MT-ND4L,6.02115852672606e-11,0.252385335448588,0.629,0.457,1.55243530294578e-06,2,MT-ND4L
HSP90AB11,5.78347819773454e-10,0.210796984196179,0.54,0.397,1.4911541837219e-05,2,HSP90AB1
GRIA2,8.69283887628564e-07,0.726462935676335,0.134,0.061,0.0224127464747273,2,GRIA2
CHD3,1.55638886236441e-06,0.916826327649106,0.11,0.045,0.0401283740383416,2,CHD3
ARID4B,2.69782336425532e-06,0.662222086090056,0.192,0.102,0.0695579798005948,2,ARID4B
HNRNPA2B1,6.7457912436128e-06,0.436358079777071,0.411,0.29,0.173926735634069,2,HNRNPA2B1
NDUFS5,7.44304595668629e-06,1.04899081340518,0.179,0.093,0.191904053901243,2,NDUFS5
CBX1,1.82586078713644e-05,0.622418765024797,0.222,0.131,0.470761686747388,2,CBX1
MAP1B,1.9438769414869e-05,0.375369996864173,0.459,0.339,0.501189791823568,2,MAP1B
DCX,2.49917616255644e-05,0.296760169384784,0.105,0.051,0.644362589991928,2,DCX
HNRNPU,3.14438991820934e-05,0.450320826423043,0.342,0.236,0.810718052611914,2,HNRNPU
RSF1,3.38210565965599e-05,0.665454804026425,0.174,0.096,0.872008302229105,2,RSF1
MT-ND61,5.05987125375695e-05,0.199113237306401,0.54,0.423,1,2,MT-ND6
TIA1,5.93051346029776e-05,0.718561819437178,0.167,0.09,1,2,TIA1
BASP1,6.05006651720633e-05,0.686345285366242,0.158,0.085,1,2,BASP1
ARHGAP21,6.95561946943739e-05,0.726636946943345,0.158,0.085,1,2,ARHGAP21
SOX4,9.25406958725244e-05,0.324268250804424,0.308,0.212,1,2,SOX4
DDX51,0.000171858957507295,0.715385999427816,0.263,0.173,1,2,DDX5
HNRNPDL1,0.000189357791341977,0.130532743107485,0.364,0.281,1,2,HNRNPDL
PTBP2,0.000191263837454289,0.426228856541633,0.117,0.061,1,2,PTBP2
KMT2E1,0.000228344110445915,0.399409425795007,0.225,0.148,1,2,KMT2E
PRRC2C1,0.000300577507719668,0.188891324037829,0.388,0.299,1,2,PRRC2C
ZKSCAN1,0.000301331074297573,0.491247268666162,0.16,0.094,1,2,ZKSCAN1
ANKRD12,0.000310691175499746,0.7388859459999,0.153,0.086,1,2,ANKRD12
SNHG14,0.000323776051503015,0.386450379087952,0.163,0.097,1,2,SNHG14
NUFIP2,0.000330213470231238,0.607149036478018,0.143,0.082,1,2,NUFIP2
ITSN1,0.000334833231408853,0.389143894023188,0.108,0.057,1,2,ITSN1
DDX17,0.000365681509956454,0.239090225360961,0.261,0.18,1,2,DDX17
PTPRZ1,0.000366170060104457,0.792255882514983,0.127,0.067,1,2,PTPRZ1
PGRMC2,0.0003841030096697,0.896129634856264,0.113,0.056,1,2,PGRMC2
PAFAH1B1,0.000465648047282088,0.4946828819619,0.235,0.155,1,2,PAFAH1B1
GAP43,0.000470732781091636,0.677500892179648,0.175,0.105,1,2,GAP43
ROCK1,0.000493167246946727,0.210859301798228,0.1,0.052,1,2,ROCK1
TCEAL4,0.000558317882800472,0.814112675584812,0.144,0.081,1,2,TCEAL4
MAP21,0.000560460209178516,0.336162648455291,0.229,0.152,1,2,MAP2
MYEF2,0.000628037219554766,0.6411226370967,0.136,0.076,1,2,MYEF2
RTN3,0.000631740659158268,0.574511022074186,0.168,0.102,1,2,RTN3
EIF4G31,0.000641115203400494,0.134631537137533,0.153,0.096,1,2,EIF4G3
BAZ1B1,0.000677787707930799,0.275968470413661,0.182,0.118,1,2,BAZ1B
FZD3,0.000721960855474828,0.899476167933561,0.113,0.059,1,2,FZD3
PBX1,0.000751460087799418,0.12684942522298,0.131,0.084,1,2,PBX1
MALAT1,0.000787491234335121,0.213399213083864,0.983,0.985,1,2,MALAT1
STMN2,0.00079432750188138,0.238411985507094,0.22,0.153,1,2,STMN2
GNAS1,0.00104045271400943,0.199973617010496,0.206,0.144,1,2,GNAS
TUBB1,0.00104647220636966,0.436469953017173,0.186,0.117,1,2,TUBB
ZC3H13,0.00106415173893453,0.346919585679977,0.189,0.126,1,2,ZC3H13
CCT3,0.00119756306925824,1.1916645027974,0.1,0.05,1,2,CCT3
ANKIB1,0.0012573386494338,0.502620822678332,0.113,0.064,1,2,ANKIB1
NBEA,0.00126376035832857,0.348198495919843,0.131,0.078,1,2,NBEA
YWHAE,0.00130204534767205,0.15023720844102,0.328,0.251,1,2,YWHAE
PRMT2,0.00131174396323329,0.24619113648777,0.119,0.073,1,2,PRMT2
VCAN,0.00133785498696218,0.161864918265645,0.132,0.082,1,2,VCAN
KMT5B,0.00134562823322669,0.814141043978439,0.129,0.072,1,2,KMT5B
MT-ND41,0.00135026208169404,0.1761294377102,0.679,0.586,1,2,MT-ND4
ATRX,0.0016425762435647,0.200127435823214,0.244,0.173,1,2,ATRX
BAZ2B1,0.001702112050424,0.335182934104083,0.179,0.114,1,2,BAZ2B
DYNC1I21,0.00187658054805078,0.122573532384557,0.163,0.113,1,2,DYNC1I2
TUT4,0.00191211355144342,0.144865416513451,0.265,0.197,1,2,TUT4
NCAM1,0.00195758381673574,0.366736651365034,0.149,0.094,1,2,NCAM1
DPYSL2,0.00211042933004814,0.608645010624305,0.153,0.094,1,2,DPYSL2
HNRNPD,0.00222657323537947,0.190185278796507,0.263,0.196,1,2,HNRNPD
RBFOX2,0.00240247905718019,0.46089415217395,0.213,0.145,1,2,RBFOX2
TENM2,0.00241528232133985,0.145847930957263,0.11,0.07,1,2,TENM2
TNRC6A,0.00250098159562374,0.206344385328167,0.16,0.103,1,2,TNRC6A
CNTNAP2,0.00256197821107676,0.260397208902507,0.153,0.101,1,2,CNTNAP2
ACIN1,0.00260876549491861,0.425982773502712,0.172,0.111,1,2,ACIN1
CADM11,0.00278321638594342,0.186942223259427,0.134,0.084,1,2,CADM1
BOD1L1,0.002820682476136,0.639095309999554,0.139,0.084,1,2,BOD1L1
CLASP2,0.00291047062198845,0.373414389733311,0.127,0.078,1,2,CLASP2
MT-ND2,0.00300776694911849,0.101922759059763,0.349,0.283,1,2,MT-ND2
HSP90AA1,0.00328285994138148,0.285476201465739,0.371,0.288,1,2,HSP90AA1
CAMTA11,0.00330796818248981,0.440661851733545,0.129,0.08,1,2,CAMTA1
SENP6,0.00335462864235507,0.455478503596703,0.125,0.074,1,2,SENP6
GATAD2B1,0.00345429112816067,0.140359608450328,0.143,0.095,1,2,GATAD2B
KIDINS2201,0.00356654282842924,0.284604587613004,0.124,0.077,1,2,KIDINS220
CD46,0.00358546134646232,0.828756318427761,0.125,0.073,1,2,CD46
RB1CC1,0.00363051827463522,0.566738540878323,0.153,0.096,1,2,RB1CC1
SPTBN1,0.00383054924583005,0.675029865926692,0.101,0.056,1,2,SPTBN1
MT-TS2,0.00395235507829665,0.631627529314668,0.103,0.057,1,2,MT-TS2
RBM25,0.00396203524546481,0.473653518239461,0.335,0.256,1,2,RBM25
KIF1B,0.00449738105369614,0.313391541845801,0.162,0.111,1,2,KIF1B
CBX5,0.00458160310493623,0.348890784819682,0.182,0.122,1,2,CBX5
SF3B12,0.00474812804464675,0.195292222563218,0.249,0.184,1,2,SF3B1
FTX,0.00498160609107473,0.527710909346441,0.146,0.091,1,2,FTX
PCM1,0.00500357068828408,0.562535499413391,0.158,0.101,1,2,PCM1
NIPBL,0.00500627503198642,0.216177537828215,0.137,0.09,1,2,NIPBL
DNTTIP2,0.00512152906688763,1.33270319644621,0.103,0.06,1,2,DNTTIP2
ASH1L,0.00554116875962086,0.332365541782737,0.146,0.096,1,2,ASH1L
RBBP4,0.00571966070136475,0.375042969227288,0.127,0.08,1,2,RBBP4
YWHAB1,0.00601408560158377,0.423670319618009,0.137,0.086,1,2,YWHAB
TUBA1A,0.00615717558400948,0.192402595777581,0.182,0.131,1,2,TUBA1A
PAK3,0.00649203570077406,0.475442308916537,0.124,0.077,1,2,PAK3
MT-ND11,0.00664983133487407,0.118555210023171,0.308,0.248,1,2,MT-ND1
GOLGA41,0.0073612562739486,0.155074452530723,0.206,0.153,1,2,GOLGA4
TTC17,0.00738162988901124,0.663102657426151,0.137,0.086,1,2,TTC17
MT-CYB,0.00752035245446091,0.534516251818927,0.309,0.236,1,2,MT-CYB
PCDH9,0.00758147940413,0.463898649013771,0.115,0.071,1,2,PCDH9
RO60,0.00770944841109207,0.603274915865689,0.124,0.076,1,2,RO60
MARK3,0.0083139312051934,0.496393101910456,0.103,0.061,1,2,MARK3
PRPF38B1,0.00831976566616057,0.312167423280796,0.208,0.149,1,2,PRPF38B
WSB1,0.00865862995819968,0.298646388840716,0.223,0.163,1,2,WSB1
PARP11,0.00915756396625864,0.158116585115723,0.17,0.122,1,2,PARP1
MT-CO3,0.00985046884115771,0.369918831187194,0.302,0.232,1,2,MT-CO3
NCOR1,0.00996456111094243,0.713344069911404,0.131,0.082,1,2,NCOR1
